one-fourth href,lazyload--fade-in src,title,originalPrice,currentPrice,pctg-off
https://www.bestwigoutlet.com/collections/wigs/products/voltage-synthetic-wig-by-raquel-welch,https://www.bestwigoutlet.com/cdn/shop/products/RW20062_Voltage-1_1900x.jpg?v=1635446167,Voltage | Synthetic Wig by Raquel Welch,$203.00 ,$112.15 ,38% OFF
https://www.bestwigoutlet.com/collections/wigs/products/embrace-synthetic-wig-by-raquel-welch,https://www.bestwigoutlet.com/cdn/shop/products/RW20078_Embrace_1900x.jpg?v=1635446240,Embrace | Synthetic Wig by Raquel Welch,$223.00 ,$123.20 ,35% OFF
https://www.bestwigoutlet.com/collections/wigs/products/coco-synthetic-wig-by-rene-of-paris,https://www.bestwigoutlet.com/cdn/shop/products/RP2318R_Coco_AuburnSugar_main_1900x.jpg?v=1635483015,Coco | Synthetic Wig by Rene of Paris,$159.00 ,$87.85 ,35% OFF
https://www.bestwigoutlet.com/collections/wigs/products/jones-synthetic-wig-by-estetica,https://www.bestwigoutlet.com/cdn/shop/files/ES20185_Jones_SPF_Blonde_M1_1900x.jpg?v=1749233667,Jones | Synthetic Wig by Estetica,$251.96 ,$136.20 ,40% OFF
https://www.bestwigoutlet.com/collections/wigs/products/sparkle-synthetic-wig-by-raquel-welch,https://www.bestwigoutlet.com/cdn/shop/products/RW20088_Sparkle_Sig_1_1900x.jpg?v=1635446355,Sparkle | Synthetic Wig by Raquel Welch,$203.00 ,$112.15 ,38% OFF
https://www.bestwigoutlet.com/collections/wigs/products/crowd-pleaser-lace-front-monofilament-part-synthetic-wig-by-raquel-welch,https://www.bestwigoutlet.com/cdn/shop/products/RW31024_CrowdPleaser_RL51_61_main_1900x.jpg?v=1635446693,Crowd Pleaser | Lace Front & Monofilament Part Synthetic Wig by Raquel Welch,$374.00 ,$190.74 ,42% OFF
https://www.bestwigoutlet.com/collections/wigs/products/cameron-synthetic-wig-by-rene-of-paris,https://www.bestwigoutlet.com/cdn/shop/files/RP2362_Cameron_JavaFrost_F_1900x.jpg?v=1708554457,Cameron | Synthetic Wig by Rene of Paris,$230.00 ,$127.08 ,35% OFF
https://www.bestwigoutlet.com/collections/wigs/products/simmer-elite-lace-front-monofilament-synthetic-wig-by-raquel-welch,https://www.bestwigoutlet.com/cdn/shop/products/RW31080_SimmerElite_RL29_33SS_main_1900x.jpg?v=1635447230,Simmer Elite | Lace Front & Monofilament Synthetic Wig by Raquel Welch,$609.00 ,$310.59 ,41% OFF
https://www.bestwigoutlet.com/collections/wigs/products/unfiltered-lace-front-monofilament-top-synthetic-wig-by-raquel-welch,https://www.bestwigoutlet.com/cdn/shop/products/RW31071_Unfiltered_RL17_23SS_main2_1900x.jpg?v=1635447115,Unfiltered | Lace Front & Monofilament Top Synthetic Wig by Raquel Welch,$499.00 ,$254.49 ,40% OFF
https://www.bestwigoutlet.com/collections/wigs/products/winner-synthetic-wig-by-raquel-welch,https://www.bestwigoutlet.com/cdn/shop/products/RW20081_Winner_SS9_24_main_1900x.jpg?v=1635446277,Winner | Synthetic Wig by Raquel Welch,$200.00 ,$102.00 ,40% OFF
https://www.bestwigoutlet.com/collections/wigs/products/watch-me-wow-lace-front-monofilament-crown-synthetic-wig-by-raquel-welch,https://www.bestwigoutlet.com/cdn/shop/products/RW31059_WatchMeNow_R29S_main_1900x.jpg?v=1635446986,Watch Me Wow | Lace Front & Monofilament Crown Synthetic Wig by Raquel Welch,$305.00 ,$168.51 ,37% OFF
https://www.bestwigoutlet.com/collections/wigs/products/trend-setter-synthetic-wig-by-raquel-welch,https://www.bestwigoutlet.com/cdn/shop/products/RW20099_Trend-Setter_1_1900x.jpg?v=1635446381,Trend Setter | Synthetic Wig by Raquel Welch,$211.00 ,$116.58 ,38% OFF
https://www.bestwigoutlet.com/collections/wigs/products/ignite-exclusive-lace-front-synthetic-wig-by-jon-renau,https://www.bestwigoutlet.com/cdn/shop/files/JR5142R_Ignite_101_88_27S8_M1_1900x.jpg?v=1753284787,Ignite (Exclusive) | Lace Front Synthetic Wig by Jon Renau,$304.00 ,$155.04 ,40% OFF
https://www.bestwigoutlet.com/collections/wigs/products/jackson-exclusive-synthetic-wig-by-noriko,https://www.bestwigoutlet.com/cdn/shop/products/NO1669R_Jackson_SugarCane_R_S1_1900x.jpg?v=1676998627,Jackson (Exclusive) | Synthetic Wig by Noriko,$288.00 ,$159.12 ,35% OFF
https://www.bestwigoutlet.com/collections/wigs/products/winner-petite-synthetic-wig-by-raquel-welch,https://www.bestwigoutlet.com/cdn/shop/products/RW20081PT_1900x.jpg?v=1711582208,Winner-Petite | Synthetic Wig by Raquel Welch,$200.00 ,$110.50 ,35% OFF
https://www.bestwigoutlet.com/collections/wigs/products/wavy-day-lace-front-monofilament-synthetic-wig-by-raquel-welch,https://www.bestwigoutlet.com/cdn/shop/products/RW31090_WavyDay_F_ab44e684-8224-4ae7-b0fb-4343a8fc1a17_1900x.jpg?v=1653032987,Wavy Day | Lace Front & Monofilament Synthetic Wig by Raquel Welch,$509.00 ,$432.65 ,
https://www.bestwigoutlet.com/collections/wigs/products/on-in-10-synthetic-wig-by-raquel-welch,https://www.bestwigoutlet.com/cdn/shop/products/RW20101_On_In_10_F_115251ed-42b1-4d50-901c-3cc751a0a685_1900x.jpg?v=1653032993,On In 10 | Synthetic Wig by Raquel Welch,$219.00 ,$120.99 ,38% OFF
https://www.bestwigoutlet.com/collections/wigs/products/ignite-lace-front-synthetic-wig-by-jon-renau,https://www.bestwigoutlet.com/cdn/shop/products/JR5142_Ignite_FS2V31V_1_1900x.jpg?v=1635424629,Ignite | Lace Front Synthetic Wig by Jon Renau,$304.00 ,$155.04 ,40% OFF
https://www.bestwigoutlet.com/collections/wigs/products/scene-stealer-lace-front-monofilament-synthetic-wig-by-raquel-welch,https://www.bestwigoutlet.com/cdn/shop/products/RW30059_SceneStealer_RL29_33SS_main_1900x.jpg?v=1635446546,Scene Stealer | Lace Front & Monofilament Synthetic Wig by Raquel Welch,$482.00 ,$266.30 ,37% OFF
https://www.bestwigoutlet.com/collections/wigs/products/well-played-lace-front-monofilament-part-synthetic-wig-by-raquel-welch,https://www.bestwigoutlet.com/cdn/shop/products/RW31082_WellPlayed_RL9_24SS_main_1900x.jpg?v=1635447251,Well Played | Lace Front & Monofilament Part Synthetic Wig by Raquel Welch,$402.00 ,$210.12 ,40% OFF
https://www.bestwigoutlet.com/collections/wigs/products/always-synthetic-wig-by-raquel-welch,https://www.bestwigoutlet.com/cdn/shop/products/RW20076_Always-Curly_1900x.jpg?v=1635446231,Always | Synthetic Wig by Raquel Welch,$234.00 ,$129.28 ,35% OFF
https://www.bestwigoutlet.com/collections/wigs/products/editors-pick-elite-lace-front-monofilament-top-synthetic-wig-by-raquel-welch,https://www.bestwigoutlet.com/cdn/shop/products/RW31067_EditorsPickElite_RL29_25_main_1900x.jpg?v=1635447059,Editors Pick Elite | Lace Front & Monofilament Top Synthetic Wig by Raquel Welch,$616.00 ,$314.16 ,41% OFF
https://www.bestwigoutlet.com/collections/wigs/products/whisper-synthetic-wig-by-raquel-welch,https://www.bestwigoutlet.com/cdn/shop/products/RW20073_Whisper_3025S_main_1900x.jpg?v=1635446210,Whisper | Synthetic Wig by Raquel Welch,$203.00 ,$112.15 ,38% OFF
https://www.bestwigoutlet.com/collections/wigs/products/upstage-lace-front-monofilament-synthetic-wig-by-raquel-welch,https://www.bestwigoutlet.com/cdn/shop/products/RW30056_upstage1-1_1900x.jpg?v=1635446505,Upstage | Lace Front & Monofilament Synthetic Wig by Raquel Welch,$556.00 ,$283.56 ,41% OFF
https://www.bestwigoutlet.com/collections/wigs/products/play-it-straight-lace-front-monofilament-part-synthetic-wig-by-raquel-welch,https://www.bestwigoutlet.com/cdn/shop/products/RW31035_Play-it-Straight-2_1900x.jpg?v=1635446749,Play it Straight | Lace Front & Monofilament Part Synthetic Wig by Raquel Welch,$374.00 ,$190.74 ,40% OFF
https://www.bestwigoutlet.com/collections/wigs/products/ellen-synthetic-wig-by-estetica,https://www.bestwigoutlet.com/cdn/shop/products/Ellen_SilverSunRT8_side_1900x.jpg?v=1635413805,Ellen | Synthetic Wig by Estetica,$223.96 ,$132.00 ,40% OFF
https://www.bestwigoutlet.com/collections/wigs/products/joss-exclusive-synthetic-wig-by-rene-of-paris,https://www.bestwigoutlet.com/cdn/shop/files/RP2412R_Joss_RoseGold_R_F_07ddbfaf-0889-42bf-82f4-1914dfef3dc7_1900x.jpg?v=1705620345,Joss (Exclusive) | Synthetic Wig by Rene of Paris,$189.00 ,$104.42 ,35% OFF
https://www.bestwigoutlet.com/collections/wigs/products/in-charge-lace-front-monofilament-part-synthetic-wig-by-raquel-welch,https://www.bestwigoutlet.com/cdn/shop/products/RW31075_InCharge_RL29_25_main_01_1900x.jpg?v=1635447170,In Charge | Lace Front & Monofilament Part Synthetic Wig by Raquel Welch,$391.00 ,$204.51 ,40% OFF
https://www.bestwigoutlet.com/collections/wigs/products/advanced-french-lace-front-synthetic-wig-by-raquel-welch,https://www.bestwigoutlet.com/cdn/shop/products/RW31060_AdvancedFrench_RL8_29_main_1900x.jpg?v=1635446996,Advanced French | Lace Front Synthetic Wig by Raquel Welch,$243.00 ,$134.26 ,38% OFF
https://www.bestwigoutlet.com/collections/wigs/products/tress-synthetic-wig-by-raquel-welch,https://www.bestwigoutlet.com/cdn/shop/products/RW20049_1900x.jpg?v=1635446130,Tress | Synthetic Wig by Raquel Welch,$227.00 ,$125.41 ,35% OFF
https://www.bestwigoutlet.com/collections/wigs/products/voltage-large-synthetic-wig-by-raquel-welch,https://www.bestwigoutlet.com/cdn/shop/products/RW20062LA_1900x.jpg?v=1635446184,Voltage-Large | Synthetic Wig by Raquel Welch,$203.00 ,$112.15 ,35% OFF
https://www.bestwigoutlet.com/collections/wigs/products/trend-setter-large-synthetic-wig-by-raquel-welch,https://www.bestwigoutlet.com/cdn/shop/products/RW20099_Trend-Setter_1_a5f5d489-62fa-416d-aad0-749bdf3e8377_1900x.jpg?v=1649797992,Trend Setter-Large | Synthetic Wig by Raquel Welch,$211.00 ,$107.61 ,40% OFF
https://www.bestwigoutlet.com/collections/wigs/products/simmer-lace-front-monofilament-top-synthetic-wig-by-raquel-welch,https://www.bestwigoutlet.com/cdn/shop/products/RW31058_Simmer_RL19_23SS_main2_1900x.jpg?v=1635446972,Simmer | Lace Front & Monofilament Top Synthetic Wig by Raquel Welch,$513.00 ,$266.73 ,40% OFF
https://www.bestwigoutlet.com/collections/wigs/products/portrait-mode-lace-front-monofilament-synthetic-wig-by-raquel-welch,https://www.bestwigoutlet.com/cdn/shop/products/RW31093_PortraitMode_Model_Front1_1900x.jpg?v=1662674713,Portrait Mode | Lace Front & Monofilament Synthetic Wig by Raquel Welch,$492.00 ,$250.92 ,41% OFF
https://www.bestwigoutlet.com/collections/wigs/products/razor-cut-shag-synthetic-wig-by-tressallure,https://www.bestwigoutlet.com/cdn/shop/products/TAVC1204_RazorCutShag_24_102R12_main2_6fbee978-2eda-473b-ba58-cdbe09b87892_1900x.jpg?v=1635495282,Razor Cut Shag | Synthetic Wig by TressAllure,$179.00 ,$99.99 ,34% OFF
https://www.bestwigoutlet.com/collections/wigs/products/go-to-style-lace-front-monofilament-part-synthetic-wig-by-raquel-welch,https://www.bestwigoutlet.com/cdn/shop/products/RW31088_GoToStyle_F_1900x.jpg?v=1652950346,Go To Style | Lace Front & Monofilament Part Synthetic Wig by Raquel Welch,$364.00 ,$185.64 ,42% OFF
https://www.bestwigoutlet.com/collections/wigs/products/reese-synthetic-wig-by-noriko,https://www.bestwigoutlet.com/cdn/shop/products/NO20051_Reese_RedPepper_main_1900x.jpg?v=1635445102,Reese | Synthetic Wig by Noriko,$233.00 ,$128.73 ,35% OFF
https://www.bestwigoutlet.com/collections/wigs/products/own-the-room-lace-front-monofilament-part-synthetic-wig-by-gabor,https://www.bestwigoutlet.com/cdn/shop/products/EG31066_OwntheRoom_Model_Front1_1900x.jpg?v=1672706968,Own The Room | Lace Front & Monofilament Part Synthetic Wig by Gabor,$361.00 ,$184.11 ,42% OFF
https://www.bestwigoutlet.com/collections/wigs/products/simmer-elite-petite-lace-front-monofilament-top-synthetic-wig-by-raquel-welch,https://www.bestwigoutlet.com/cdn/shop/files/RW31080_SimmerElite_RL29_33SS_side2_1900x.jpg?v=1711581867,Simmer Elite-Petite | Lace Front & Monofilament Top Synthetic Wig by Raquel Welch,$609.00 ,$310.59 ,41% OFF
https://www.bestwigoutlet.com/collections/wigs/products/flirt-alert-lace-front-monofilament-part-synthetic-wig-by-raquel-welch,https://www.bestwigoutlet.com/cdn/shop/products/RW31057_FlirtAlert_RL29_25_main_1900x.jpg?v=1635446958,Flirt Alert | Lace Front & Monofilament Part Synthetic Wig by Raquel Welch,$374.00 ,$190.74 ,42% OFF
https://www.bestwigoutlet.com/collections/wigs/products/current-events-lace-front-monofilament-part-synthetic-wig-by-raquel-welch,https://www.bestwigoutlet.com/cdn/shop/products/RW31081_CurrentEvents_RL16_22SS_main_1900x.jpg?v=1635447242,Current Events | Lace Front & Monofilament Part Synthetic Wig by Raquel Welch,$374.00 ,$195.84 ,40% OFF
https://www.bestwigoutlet.com/collections/wigs/products/mesmerized-lace-front-monofilament-synthetic-wig-by-raquel-welch,https://www.bestwigoutlet.com/cdn/shop/products/RW31079_Mesmerized_RL17_23SS_main_1900x.jpg?v=1651017281,Mesmerized | Lace Front & Monofilament Synthetic Wig by Raquel Welch,$616.00 ,$319.26 ,40% OFF
https://www.bestwigoutlet.com/collections/wigs/products/editors-pick-lace-front-monofilament-synthetic-wig-by-raquel-welch,https://www.bestwigoutlet.com/cdn/shop/products/RW31040_EditorsPick2_RL29_25_1900x.jpg?v=1635446769,Editors Pick | Lace Front & Monofilament Synthetic Wig by Raquel Welch,$493.00 ,$251.43 ,41% OFF
https://www.bestwigoutlet.com/collections/wigs/products/scorpio-synthetic-wig-by-orchid,https://www.bestwigoutlet.com/cdn/shop/files/OC5020_Scorpio_Mochaccino_F_1900x.jpg?v=1689871923,Scorpio | Synthetic Wig by Orchid,$227.00 ,$125.41 ,35% OFF
https://www.bestwigoutlet.com/collections/wigs/products/stop-traffic-monofilament-crown-synthetic-wig-by-raquel-welch,https://www.bestwigoutlet.com/cdn/shop/products/RW30065_StopTraffic_M_SS15_24_1900x.jpg?v=1635446560,Stop Traffic | Monofilament Crown Synthetic Wig by Raquel Welch,$305.00 ,$174.03 ,35% OFF
https://www.bestwigoutlet.com/collections/wigs/products/mellow-lace-front-monofilament-part-synthetic-wig-by-estetica,https://www.bestwigoutlet.com/cdn/shop/files/ES31075_Mellow_IcyShadow_M1_1900x.jpg?v=1702660820,Mellow | Lace Front & Monofilament Part Synthetic Wig by Estetica,$359.96 ,$195.00 ,40% OFF
https://www.bestwigoutlet.com/collections/wigs/products/jessica-synthetic-wig-by-jon-renau,https://www.bestwigoutlet.com/cdn/shop/products/JR20011_Jessica_FS2631_1900x.jpg?v=1635424377,Jessica | Synthetic Wig by Jon Renau,$224.00 ,$123.76 ,35% OFF
https://www.bestwigoutlet.com/collections/wigs/products/sky-exclusive-synthetic-wig-by-noriko,https://www.bestwigoutlet.com/cdn/shop/files/NO20044_NO20045_Sky_Terracotta_H_M1_1900x.jpg?v=1762387204,Sky (Exclusive) | Synthetic Wig by Noriko,$262.00 ,$144.76 ,35% OFF
